Skill	Skill ID	Description	Module Focus	Module	Category	Subcategory
Wise Mind	M1		Acceptance	Mindfulness	Core Mindfulness Skills	
Observe	M2		Acceptance	Mindfulness	Core Mindfulness Skills	Mindfulness "What" Skills
Describe	M3		Acceptance	Mindfulness	Core Mindfulness Skills	Mindfulness "What" Skills
Participate	M4		Acceptance	Mindfulness	Core Mindfulness Skills	Mindfulness "What" Skills
Nonjudgmentally	M5		Acceptance	Mindfulness	Core Mindfulness Skills	Mindfulness "How" Skills
One-mindfully	M6		Acceptance	Mindfulness	Core Mindfulness Skills	Mindfulness "How" Skills
Effectively	M7		Acceptance	Mindfulness	Core Mindfulness Skills	Mindfulness "How" Skills
Mindfulness practice: A spiritual perspective	M8		Acceptance	Mindfulness	Other Perspectives on Mindfulness	
Balancing doing mind and being mind	M9		Acceptance	Mindfulness	Other Perspectives on Mindfulness	
Clarifying priorities	IE1		Change	Interpersonal Effectiveness	Obtaining Objectives Skillfully	
DEAR MAN	IE2	Describe, Express, Assert, Reinforce, Mindful, Appear, Negotiate	Change	Interpersonal Effectiveness	Obtaining Objectives Skillfully	
GIVE	IE3	be Gentle, act Interested, Validate, use an Easy manner	Change	Interpersonal Effectiveness	Obtaining Objectives Skillfully	
FAST	IE4	be Fair, no Apologies, stick to Values, be Truthful	Change	Interpersonal Effectiveness	Obtaining Objectives Skillfully	
Whether and how intensely to ask or say no	IE5		Change	Interpersonal Effectiveness	Obtaining Objectives Skillfully	
Skills for finding potential friends/Finding and getting people to like you	IE6		Change	Interpersonal Effectiveness	Supplementary Interpersonal Effectiveness Skills	
Mindfulness of others	IE7		Change	Interpersonal Effectiveness	Supplementary Interpersonal Effectiveness Skills	
How to end relationships	IE8		Change	Interpersonal Effectiveness	Supplementary Interpersonal Effectiveness Skills	
Walking the middle path	IE9		Change	Interpersonal Effectiveness	Supplementary Interpersonal Effectiveness Skills	
Dialectics	IE10		Change	Interpersonal Effectiveness		
Validation	IE11		Change	Interpersonal Effectiveness		
Behavior change strategies	IE12		Change	Interpersonal Effectiveness		
Understanding and naming emotions	ER1		Change	Emotion Regulation		
Checking the facts	ER2		Change	Emotion Regulation	Changing Emotional Responses	
Opposite action	ER3		Change	Emotion Regulation	Changing Emotional Responses	
Problem solving	ER4		Change	Emotion Regulation	Changing Emotional Responses	
Accumulate positive emotions	ER5		Change	Emotion Regulation	Reducing Vulnerability to Emotion Mind	ABC PLEASE
Build mastery	ER6		Change	Emotion Regulation	Reducing Vulnerability to Emotion Mind	ABC PLEASE
Cope ahead	ER7		Change	Emotion Regulation	Reducing Vulnerability to Emotion Mind	ABC PLEASE
PLEASE	ER8	treat PhysicaL illness, balance Eating, avoid mood-Altering substances, balance Sleep, get Exercise	Change	Emotion Regulation	Reducing Vulnerability to Emotion Mind	ABC PLEASE
Mindfulness of current emotions	ER9		Change	Emotion Regulation	Managing Really Difficult Emotions	
Managing extreme emotions	ER10		Change	Emotion Regulation	Managing Really Difficult Emotions	
STOP	DT1	Stop, Take a step back, Observe, Proceed mindfully	Acceptance	Distress Tolerance	Crisis Survival Skills	
Pros and cons	DT2		Acceptance	Distress Tolerance	Crisis Survival Skills	
TIP body chemistry	DT3	Temperature, Intense exercise, Paced breathing, Paired muscle relaxation	Acceptance	Distress Tolerance	Crisis Survival Skills	
Distracting with wise mind ACCEPTS	DT4	Activities, Contributing, Comparisons, Emotions, Pushing away, Thoughts, Sensations	Acceptance	Distress Tolerance	Crisis Survival Skills	
Self-soothing through the senses	DT5	vision, hearing, smell, taste, touch; body scan	Acceptance	Distress Tolerance	Crisis Survival Skills	
IMPROVE the moment	DT6	Imagery, Meaning, Prayer, Relaxation, Onc thing in thc moment, Vacation, Encouragement	Acceptance	Distress Tolerance	Crisis Survival Skills	
Radical acceptance	DT7		Acceptance	Distress Tolerance	Reality Acceptance Skills	
Turning the mind	DT8		Acceptance	Distress Tolerance	Reality Acceptance Skills	
Willingness	DT9		Acceptance	Distress Tolerance	Reality Acceptance Skills	
Half-smiling	DT10		Acceptance	Distress Tolerance	Reality Acceptance Skills	
Willing hands	DT11		Acceptance	Distress Tolerance	Reality Acceptance Skills	
Mindfulness of current thoughts	DT12		Acceptance	Distress Tolerance	Reality Acceptance Skills	
Dialectical abstinence	DT13		Acceptance	Distress Tolerance	Supplementary Addiction Skills	
Clear mind	DT14		Acceptance	Distress Tolerance	Supplementary Addiction Skills	
Community reinforcement	DT15		Acceptance	Distress Tolerance	Supplementary Addiction Skills	
Burning bridges and building new ones	DT16		Acceptance	Distress Tolerance	Supplementary Addiction Skills	
Alternate rebellion and adaptive denial	DT17		Acceptance	Distress Tolerance	Supplementary Addiction Skills	